keyword,word_count,uses,density
0,1,2,0.1
1,1,18,1.0
2,1,9,0.5
3,1,7,0.4
4,1,5,0.3
5,1,8,0.4
6,1,2,0.1
7,1,3,0.2
8,1,4,0.2
10,1,6,0.3
11,1,3,0.2
12,1,4,0.2
14,1,4,0.2
22,1,2,0.1
31,1,4,0.2
36,1,2,0.1
46,1,2,0.1
52,1,3,0.2
123,1,3,0.2
193,1,2,0.1
225,1,2,0.1
2018,1,2,0.1
schema org,2,2,0.1
org type,2,2,0.1
www youtube,2,2,0.1
youtube com,2,2,0.1
Search Search,2,2,0.1
Crushing 52,2,3,0.2
52 CRUNCHY,2,3,0.2
CRUNCHY SOFT,2,3,0.2
SOFT Things,2,3,0.2
Things Car,2,11,0.6
Car Tire,2,3,0.2
Tire Crushing,2,3,0.2
Crushing Compilation,2,4,0.2
Compilation Oddly,2,3,0.2
Oddly Satisfying,2,3,0.2
Satisfying videos,2,3,0.2
Guys today,2,3,0.2
today s,2,3,0.2
s video,2,3,0.2
video show,2,3,0.2
show THE,2,3,0.2
THE MOST,2,3,0.2
MOST SATISFYING,2,3,0.2
SATISFYING CAR,2,3,0.2
CAR TIRE,2,3,0.2
TIRE CRUSH,2,3,0.2
CRUSH ASMR,2,3,0.2
ASMR COMPILATION,2,3,0.2
COMPILATION comment,2,3,0.2
comment one,2,3,0.2
one satisfying,2,3,0.2
1 https,2,3,0.2
https youtu,2,9,0.5
youtu wvY8Ce0K9x0,2,3,0.2
2 https,2,3,0.2
youtu SVGUKBugoKo,2,3,0.2
3 https,2,3,0.2
youtu GcsnxjXNGPA,2,3,0.2
n n,2,11,0.6
http bit,2,3,0.2
bit ly,2,3,0.2
ly 1r2kU3A,2,3,0.2
Be Friends,2,3,0.2
I N,2,6,0.3
N S,2,3,0.2
S T,2,6,0.3
T A,2,3,0.2
A G,2,3,0.2
G R,2,3,0.2
R A,2,3,0.2
A M,2,3,0.2
M https,2,3,0.2
https www,2,13,0.7
www instagram,2,3,0.2
instagram com,2,3,0.2
com hellomaphie,2,6,0.3
hellomaphie n,2,2,0.1
n T,2,2,0.1
T W,2,3,0.2
W I,2,3,0.2
I T,2,3,0.2
T T,2,3,0.2
T E,2,6,0.3
E R,2,6,0.3
R https,2,6,0.3
https twitter,2,3,0.2
twitter com,2,3,0.2
F A,2,3,0.2
A C,2,3,0.2
C E,2,3,0.2
E B,2,3,0.2
B O,2,3,0.2
O O,2,3,0.2
O K,2,3,0.2
K https,2,3,0.2
www facebook,2,3,0.2
facebook com,2,3,0.2
com Hellomaphie,2,6,0.3
Hellomaphie n,2,2,0.1
T U,2,3,0.2
U M,2,3,0.2
M B,2,3,0.2
B L,2,3,0.2
L R,2,3,0.2
www hellomaphie,2,3,0.2
hellomaphie tumblr,2,3,0.2
tumblr com,2,3,0.2
com n,2,2,0.1
P I,2,3,0.2
N T,2,3,0.2
R E,2,3,0.2
E S,2,3,0.2
T https,2,3,0.2
www pinterest,2,3,0.2
pinterest com,2,3,0.2
hellomaphie I,2,3,0.2
I can,2,3,0.2
can see,2,3,0.2
see posts,2,3,0.2
posts tag,2,3,0.2
INQUIRIES ONLY,2,3,0.2
mc gmail,2,3,0.2
gmail com,2,3,0.2
fun relaxing,2,3,0.2
relaxing make,2,3,0.2
make slime,2,3,0.2
slime videos,2,3,0.2
videos tide,2,3,0.2
tide pods,2,3,0.2
pods chalk,2,3,0.2
chalk paint,2,3,0.2
paint balls,2,3,0.2
balls wax,2,3,0.2
wax crayons,2,3,0.2
crayons listen,2,3,0.2
listen crushing,2,3,0.2
crushing relaxing,2,3,0.2
relaxing sounds,2,3,0.2
sounds antistress,2,3,0.2
antistress today,2,3,0.2
today I,2,3,0.2
I came,2,3,0.2
came visual,2,3,0.2
visual video,2,3,0.2
video asmr,2,3,0.2
asmr using,2,3,0.2
using tire,2,3,0.2
tire car,2,3,0.2
car crush,2,3,0.2
crush balloons,2,3,0.2
balloons water,2,3,0.2
water bottles,2,3,0.2
bottles listen,2,3,0.2
listen crunch,2,3,0.2
crunch crunchy,2,3,0.2
crunchy oddly,2,3,0.2
oddly satisfying,2,3,0.2
satisfying destroying,2,3,0.2
destroying will,2,3,0.2
will satisfy,2,3,0.2
satisfy relax,2,3,0.2
relax use,2,3,0.2
use water,2,3,0.2
water washing,2,3,0.2
Sponsored Products,2,3,0.2
Products marked,2,3,0.2
marked either,2,3,0.2
either sent,2,3,0.2
sent free,2,3,0.2
free contain,2,3,0.2
contain affiliate,2,3,0.2
affiliate links,2,3,0.2
Crushing Crunchy,2,5,0.3
Crunchy Soft,2,9,0.5
Soft Things,2,8,0.4
Car Compilation,2,4,0.2
Compilation Floral,2,4,0.2
Floral Foam,2,7,0.4
Foam Squishy,2,6,0.3
Squishy Tide,2,6,0.3
Tide Pods,2,6,0.3
Pods More,2,6,0.3
Car Floral,2,2,0.1
More 193,2,2,0.1
193 081,2,2,0.1
081 225,2,2,0.1
views Dec,2,2,0.1
Dec 31,2,2,0.1
videos Hi,2,2,0.1
Hi Guys,2,2,0.1
satisfying Part,2,2,0.1
Part 1,2,2,0.1
wvY8Ce0K9x0 Part,2,2,0.1
Part 2,2,3,0.2
SVGUKBugoKo Part,2,2,0.1
Part 3,2,2,0.1
GcsnxjXNGPA SUBSCRIBE,2,2,0.1
SUBSCRIBE http,2,2,0.1
1r2kU3A Let,2,2,0.1
Let Be,2,2,0.1
Friends I,2,2,0.1
hellomaphie T,2,2,0.1
hellomaphie F,2,2,0.1
Hellomaphie T,2,2,0.1
com P,2,2,0.1
Hellomaphie Use,2,2,0.1
Use hellomaphie,2,2,0.1
tag BUSSINES,2,2,0.1
BUSSINES INQUIRIES,2,2,0.1
ONLY thenailroom,2,2,0.1
thenailroom mc,2,2,0.1
com For,2,2,0.1
For fun,2,2,0.1
washing Not,2,2,0.1
Not Sponsored,2,2,0.1
links Show,2,2,0.1
Show less,2,2,0.1
less Show,2,2,0.1
HelloMaphie HelloMaphie,2,2,0.1
HelloMaphie Verified,2,2,0.1
Verified 8,2,3,0.2
8 68M,2,2,0.1
68M subscribers,2,2,0.1
subscribers Subscribe,2,2,0.1
Show NaN,2,2,0.1
NaN undefined,2,2,0.1
Now playing,2,20,1.1
playing Satisfying,2,2,0.1
Satisfying Slime,2,2,0.1
Slime Video,2,2,0.1
Hong Giang,2,5,0.3
Giang DIY,2,5,0.3
DIY Slime,2,5,0.3
Slime Hong,2,3,0.2
Slime Verified,2,2,0.1
views 1,2,8,0.4
1 year,2,7,0.4
year ago,2,7,0.4
ago Now,2,2,0.1
playing Crushing,2,2,0.1
Power Experiment,2,2,0.1
Experiment Asmr,2,2,0.1
watching LIVE,2,2,0.1
LIVE NOW,2,2,0.1
123 GO,2,3,0.2
GO 123,2,2,0.1
views 3,2,2,0.1
years ago,2,2,0.1
ago 7,2,2,0.1
Life Hacks,2,2,0.1
Hacks Experiments,2,2,0.1
Day Of,2,2,0.1
Underground Swimming,2,2,0.1
Swimming Pool,2,3,0.2
The Survival,2,4,0.2
Survival Wild,2,4,0.2
Wild The,2,2,0.1
views 10,2,3,0.2
10 months,2,3,0.2
months ago,2,5,0.3
Life Funny,2,2,0.1
Funny Pets,2,2,0.1
views 2,2,2,0.1
weeks ago,2,2,0.1
06 Now,2,2,0.1
ago 12,2,3,0.2
Hydraulic Press,2,3,0.2
Press Channel,2,2,0.1
Kids Diana,2,2,0.1
Diana Show,2,2,0.1
Food Kingdom,2,2,0.1
Magnet World,2,3,0.2
Color Art,2,2,0.1
Mister Hamster,2,2,0.1
views 4,2,2,0.1
36 Now,2,2,0.1
5 Minute,2,2,0.1
Minute Crafts,2,2,0.1
Crafts Tech,2,2,0.1
FUNNY VINES,2,2,0.1
VINES ZK,2,2,0.1
fill 005cff,2,2,0.1
hashtag landing,2,24,1.3
landing page,2,24,1.3
page empty_cls,2,5,0.3
1 fill,2,4,0.2
fill none,2,4,0.2
none hashtag,2,4,0.2
3 clip,2,2,0.1
clip path,2,4,0.2
path url,2,4,0.2
url hashtag,2,4,0.2
4 fill,2,2,0.1
5 fill,2,4,0.2
page empty,2,6,0.3
empty dark,2,6,0.3
dark mode_cls,2,10,0.6
mode_cls 1,2,2,0.1
dark mode_a,2,2,0.1
mode_a hashtag,2,2,0.1
mode_cls 5,2,2,0.1
page error_cls,2,5,0.3
2 clip,2,2,0.1
10 fill,2,2,0.1
14 fill,2,2,0.1
page error,2,6,0.3
error dark,2,6,0.3
schema org type,3,2,0.1
www youtube com,3,2,0.1
Crushing 52 CRUNCHY,3,3,0.2
52 CRUNCHY SOFT,3,3,0.2
CRUNCHY SOFT Things,3,3,0.2
SOFT Things Car,3,3,0.2
Things Car Tire,3,3,0.2
Car Tire Crushing,3,3,0.2
Tire Crushing Compilation,3,3,0.2
Crushing Compilation Oddly,3,3,0.2
Compilation Oddly Satisfying,3,3,0.2
Oddly Satisfying videos,3,3,0.2
Guys today s,3,3,0.2
today s video,3,3,0.2
s video show,3,3,0.2
video show THE,3,3,0.2
show THE MOST,3,3,0.2
THE MOST SATISFYING,3,3,0.2
MOST SATISFYING CAR,3,3,0.2
SATISFYING CAR TIRE,3,3,0.2
CAR TIRE CRUSH,3,3,0.2
TIRE CRUSH ASMR,3,3,0.2
CRUSH ASMR COMPILATION,3,3,0.2
ASMR COMPILATION comment,3,3,0.2
COMPILATION comment one,3,3,0.2
comment one satisfying,3,3,0.2
1 https youtu,3,3,0.2
https youtu wvY8Ce0K9x0,3,3,0.2
2 https youtu,3,3,0.2
https youtu SVGUKBugoKo,3,3,0.2
3 https youtu,3,3,0.2
https youtu GcsnxjXNGPA,3,3,0.2
http bit ly,3,3,0.2
bit ly 1r2kU3A,3,3,0.2
I N S,3,3,0.2
N S T,3,3,0.2
S T A,3,3,0.2
T A G,3,3,0.2
A G R,3,3,0.2
G R A,3,3,0.2
R A M,3,3,0.2
A M https,3,3,0.2
M https www,3,3,0.2
https www instagram,3,3,0.2
www instagram com,3,3,0.2
instagram com hellomaphie,3,3,0.2
com hellomaphie n,3,2,0.1
hellomaphie n n,3,2,0.1
n n T,3,2,0.1
T W I,3,3,0.2
W I T,3,3,0.2
I T T,3,3,0.2
T T E,3,3,0.2
T E R,3,6,0.3
E R https,3,3,0.2
R https twitter,3,3,0.2
https twitter com,3,3,0.2
twitter com hellomaphie,3,3,0.2
F A C,3,3,0.2
A C E,3,3,0.2
C E B,3,3,0.2
E B O,3,3,0.2
B O O,3,3,0.2
O O K,3,3,0.2
O K https,3,3,0.2
K https www,3,3,0.2
https www facebook,3,3,0.2
www facebook com,3,3,0.2
facebook com Hellomaphie,3,3,0.2
com Hellomaphie n,3,2,0.1
Hellomaphie n n,3,2,0.1
T U M,3,3,0.2
U M B,3,3,0.2
M B L,3,3,0.2
B L R,3,3,0.2
L R https,3,3,0.2
R https www,3,3,0.2
https www hellomaphie,3,3,0.2
www hellomaphie tumblr,3,3,0.2
hellomaphie tumblr com,3,3,0.2
com n n,3,2,0.1
P I N,3,3,0.2
I N T,3,3,0.2
N T E,3,3,0.2
E R E,3,3,0.2
R E S,3,3,0.2
E S T,3,3,0.2
S T https,3,3,0.2
T https www,3,3,0.2
https www pinterest,3,3,0.2
www pinterest com,3,3,0.2
pinterest com Hellomaphie,3,3,0.2
hellomaphie I can,3,3,0.2
I can see,3,3,0.2
can see posts,3,3,0.2
see posts tag,3,3,0.2
mc gmail com,3,3,0.2
fun relaxing make,3,3,0.2
relaxing make slime,3,3,0.2
make slime videos,3,3,0.2
slime videos tide,3,3,0.2
videos tide pods,3,3,0.2
tide pods chalk,3,3,0.2
pods chalk paint,3,3,0.2
chalk paint balls,3,3,0.2
paint balls wax,3,3,0.2
balls wax crayons,3,3,0.2
wax crayons listen,3,3,0.2
crayons listen crushing,3,3,0.2
listen crushing relaxing,3,3,0.2
crushing relaxing sounds,3,3,0.2
relaxing sounds antistress,3,3,0.2
sounds antistress today,3,3,0.2
antistress today I,3,3,0.2
today I came,3,3,0.2
I came visual,3,3,0.2
came visual video,3,3,0.2
visual video asmr,3,3,0.2
video asmr using,3,3,0.2
asmr using tire,3,3,0.2
using tire car,3,3,0.2
tire car crush,3,3,0.2
car crush balloons,3,3,0.2
crush balloons water,3,3,0.2
balloons water bottles,3,3,0.2
water bottles listen,3,3,0.2
bottles listen crunch,3,3,0.2
listen crunch crunchy,3,3,0.2
crunch crunchy oddly,3,3,0.2
crunchy oddly satisfying,3,3,0.2
oddly satisfying destroying,3,3,0.2
satisfying destroying will,3,3,0.2
destroying will satisfy,3,3,0.2
will satisfy relax,3,3,0.2
satisfy relax use,3,3,0.2
relax use water,3,3,0.2
use water washing,3,3,0.2
Sponsored Products marked,3,3,0.2
Products marked either,3,3,0.2
marked either sent,3,3,0.2
either sent free,3,3,0.2
sent free contain,3,3,0.2
free contain affiliate,3,3,0.2
contain affiliate links,3,3,0.2
Crushing Crunchy Soft,3,5,0.3
Crunchy Soft Things,3,8,0.4
Soft Things Car,3,8,0.4
Things Car Compilation,3,4,0.2
Car Compilation Floral,3,4,0.2
Compilation Floral Foam,3,4,0.2
Floral Foam Squishy,3,6,0.3
Foam Squishy Tide,3,6,0.3
Squishy Tide Pods,3,6,0.3
Tide Pods More,3,6,0.3
Things Car Floral,3,2,0.1
Car Floral Foam,3,2,0.1
Pods More 193,3,2,0.1
More 193 081,3,2,0.1
193 081 225,3,2,0.1
views Dec 31,3,2,0.1
Satisfying videos Hi,3,2,0.1
videos Hi Guys,3,2,0.1
Hi Guys today,3,2,0.1
one satisfying Part,3,2,0.1
satisfying Part 1,3,2,0.1
Part 1 https,3,2,0.1
youtu wvY8Ce0K9x0 Part,3,2,0.1
wvY8Ce0K9x0 Part 2,3,2,0.1
Part 2 https,3,2,0.1
youtu SVGUKBugoKo Part,3,2,0.1
SVGUKBugoKo Part 3,3,2,0.1
Part 3 https,3,2,0.1
youtu GcsnxjXNGPA SUBSCRIBE,3,2,0.1
GcsnxjXNGPA SUBSCRIBE http,3,2,0.1
SUBSCRIBE http bit,3,2,0.1
ly 1r2kU3A Let,3,2,0.1
1r2kU3A Let Be,3,2,0.1
Let Be Friends,3,2,0.1
Be Friends I,3,2,0.1
Friends I N,3,2,0.1
com hellomaphie T,3,2,0.1
hellomaphie T W,3,2,0.1
com hellomaphie F,3,2,0.1
hellomaphie F A,3,2,0.1
com Hellomaphie T,3,2,0.1
Hellomaphie T U,3,2,0.1
tumblr com P,3,2,0.1
com P I,3,2,0.1
com Hellomaphie Use,3,2,0.1
Hellomaphie Use hellomaphie,3,2,0.1
Use hellomaphie I,3,2,0.1
posts tag BUSSINES,3,2,0.1
tag BUSSINES INQUIRIES,3,2,0.1
BUSSINES INQUIRIES ONLY,3,2,0.1
INQUIRIES ONLY thenailroom,3,2,0.1
ONLY thenailroom mc,3,2,0.1
thenailroom mc gmail,3,2,0.1
gmail com For,3,2,0.1
com For fun,3,2,0.1
For fun relaxing,3,2,0.1
water washing Not,3,2,0.1
washing Not Sponsored,3,2,0.1
Not Sponsored Products,3,2,0.1
affiliate links Show,3,2,0.1
links Show less,3,2,0.1
Show less Show,3,2,0.1
HelloMaphie HelloMaphie Verified,3,2,0.1
HelloMaphie Verified 8,3,2,0.1
Verified 8 68M,3,2,0.1
8 68M subscribers,3,2,0.1
68M subscribers Subscribe,3,2,0.1
Show NaN undefined,3,2,0.1
Now playing Satisfying,3,2,0.1
Hong Giang DIY,3,5,0.3
Giang DIY Slime,3,5,0.3
DIY Slime Hong,3,3,0.2
Slime Hong Giang,3,3,0.2
DIY Slime Verified,3,2,0.1
views 1 year,3,7,0.4
1 year ago,3,7,0.4
ago Now playing,3,2,0.1
Now playing Crushing,3,2,0.1
playing Crushing Crunchy,3,2,0.1
Power Experiment Asmr,3,2,0.1
watching LIVE NOW,3,2,0.1
123 GO 123,3,2,0.1
GO 123 GO,3,2,0.1
Life Hacks Experiments,3,2,0.1
Underground Swimming Pool,3,2,0.1
The Survival Wild,3,4,0.2
Survival Wild The,3,2,0.1
Wild The Survival,3,2,0.1
views 10 months,3,3,0.2
10 months ago,3,3,0.2
Life Funny Pets,3,2,0.1
06 Now playing,3,2,0.1
Hydraulic Press Channel,3,2,0.1
Kids Diana Show,3,2,0.1
months ago 12,3,2,0.1
36 Now playing,3,2,0.1
5 Minute Crafts,3,2,0.1
Minute Crafts Tech,3,2,0.1
FUNNY VINES ZK,3,2,0.1
hashtag landing page,3,24,1.3
landing page empty_cls,3,5,0.3
1 fill none,3,4,0.2
fill none hashtag,3,4,0.2
none hashtag landing,3,4,0.2
3 clip path,3,2,0.1
clip path url,3,4,0.2
path url hashtag,3,4,0.2
url hashtag landing,3,4,0.2
landing page empty,3,6,0.3
page empty dark,3,6,0.3
empty dark mode_cls,3,5,0.3
dark mode_cls 1,3,2,0.1
mode_cls 1 fill,3,2,0.1
dark mode_a hashtag,3,2,0.1
mode_a hashtag landing,3,2,0.1
dark mode_cls 5,3,2,0.1
mode_cls 5 fill,3,2,0.1
landing page error_cls,3,5,0.3
2 clip path,3,2,0.1
landing page error,3,6,0.3
page error dark,3,6,0.3
error dark mode_cls,3,5,0.3
context,1,2,0.1
http,1,5,0.3
schema,1,2,0.1
org,1,2,0.1
type,1,3,0.2
www,1,14,0.8
youtube,1,2,0.1
com,1,21,1.2
HelloMaphie,1,8,0.4
name,1,2,0.1
IN,1,2,0.1
Search,1,3,0.2
YouTube,1,4,0.2
https,1,27,1.5
Crushing,1,12,0.7
CRUNCHY,1,3,0.2
SOFT,1,3,0.2
Things,1,12,0.7
Car,1,13,0.7
Tire,1,3,0.2
Compilation,1,10,0.6
Oddly,1,3,0.2
Satisfying,1,9,0.5
videos,1,6,0.3
n,1,24,1.3
Guys,1,3,0.2
today,1,6,0.3
s,1,5,0.3
video,1,6,0.3
show,1,3,0.2
THE,1,3,0.2
MOST,1,3,0.2
SATISFYING,1,3,0.2
CAR,1,4,0.2
TIRE,1,3,0.2
CRUSH,1,3,0.2
ASMR,1,5,0.3
COMPILATION,1,3,0.2
comment,1,3,0.2
one,1,3,0.2
satisfying,1,6,0.3
nPart,1,3,0.2
youtu,1,9,0.5
wvY8Ce0K9x0,1,3,0.2
SVGUKBugoKo,1,3,0.2
GcsnxjXNGPA,1,3,0.2
bit,1,3,0.2
ly,1,3,0.2
1r2kU3A,1,3,0.2
Be,1,3,0.2
Friends,1,3,0.2
I,1,15,0.8
N,1,6,0.3
S,1,6,0.3
T,1,21,1.2
A,1,9,0.5
G,1,3,0.2
R,1,12,0.7
M,1,8,0.4
instagram,1,3,0.2
hellomaphie,1,13,0.7
W,1,3,0.2
E,1,12,0.7
twitter,1,3,0.2
F,1,3,0.2
C,1,3,0.2
B,1,6,0.3
O,1,6,0.3
K,1,3,0.2
facebook,1,3,0.2
Hellomaphie,1,6,0.3
U,1,3,0.2
L,1,3,0.2
tumblr,1,3,0.2
P,1,3,0.2
pinterest,1,3,0.2
can,1,3,0.2
see,1,3,0.2
posts,1,3,0.2
tag,1,3,0.2
INQUIRIES,1,3,0.2
ONLY,1,3,0.2
mc,1,3,0.2
gmail,1,3,0.2
fun,1,3,0.2
relaxing,1,6,0.3
make,1,3,0.2
slime,1,3,0.2
tide,1,3,0.2
pods,1,3,0.2
chalk,1,3,0.2
paint,1,3,0.2
balls,1,3,0.2
wax,1,3,0.2
crayons,1,3,0.2
listen,1,6,0.3
crushing,1,3,0.2
sounds,1,3,0.2
antistress,1,3,0.2
came,1,3,0.2
visual,1,3,0.2
asmr,1,3,0.2
using,1,3,0.2
tire,1,3,0.2
car,1,3,0.2
crush,1,3,0.2
balloons,1,3,0.2
water,1,6,0.3
bottles,1,3,0.2
crunch,1,3,0.2
crunchy,1,3,0.2
oddly,1,3,0.2
destroying,1,3,0.2
will,1,3,0.2
satisfy,1,3,0.2
relax,1,3,0.2
use,1,3,0.2
washing,1,3,0.2
Sponsored,1,3,0.2
Products,1,3,0.2
marked,1,3,0.2
either,1,3,0.2
sent,1,3,0.2
free,1,3,0.2
contain,1,3,0.2
affiliate,1,3,0.2
links,1,3,0.2
nhDAmqYHxdA,1,2,0.1
Crunchy,1,9,0.5
Soft,1,9,0.5
Floral,1,7,0.4
Foam,1,7,0.4
Squishy,1,7,0.4
Tide,1,6,0.3
Pods,1,6,0.3
More,1,7,0.4
try,1,2,0.1
watch,1,2,0.1
TV,1,2,0.1
To,1,3,0.2
error,1,7,0.4
081,1,2,0.1
views,1,19,1.1
Dec,1,2,0.1
Hi,1,2,0.1
Part,1,7,0.4
SUBSCRIBE,1,2,0.1
Let,1,2,0.1
Use,1,2,0.1
BUSSINES,1,2,0.1
thenailroom,1,2,0.1
For,1,3,0.2
Not,1,3,0.2
Show,1,7,0.4
less,1,2,0.1
Verified,1,12,0.7
68M,1,2,0.1
subscribers,1,2,0.1
Subscribe,1,2,0.1
NaN,1,2,0.1
undefined,1,2,0.1
Slime,1,11,0.6
Now,1,20,1.1
playing,1,20,1.1
Video,1,5,0.3
Hong,1,5,0.3
Giang,1,5,0.3
DIY,1,6,0.3
year,1,7,0.4
ago,1,17,1.0
Experiment,1,3,0.2
Candy,1,2,0.1
Power,1,2,0.1
Asmr,1,2,0.1
watching,1,2,0.1
LIVE,1,2,0.1
NOW,1,2,0.1
Food,1,4,0.2
Hacks,1,3,0.2
GO,1,3,0.2
The,1,5,0.3
Hevesh5,1,2,0.1
years,1,2,0.1
Gojzer,1,2,0.1
Life,1,4,0.2
Experiments,1,2,0.1
Day,1,2,0.1
Of,1,2,0.1
Build,1,3,0.2
Well,1,2,0.1
Underground,1,3,0.2
Swimming,1,3,0.2
Pool,1,3,0.2
And,1,2,0.1
House,1,2,0.1
Survival,1,4,0.2
Wild,1,4,0.2
months,1,5,0.3
Funny,1,4,0.2
Pets,1,3,0.2
weeks,1,2,0.1
06,1,2,0.1
Best,1,2,0.1
Hydraulic,1,3,0.2
Press,1,3,0.2
Channel,1,2,0.1
Diana,1,3,0.2
Kids,1,2,0.1
Chocolate,1,2,0.1
Kingdom,1,2,0.1
Magnet,1,3,0.2
World,1,3,0.2
Color,1,3,0.2
Art,1,2,0.1
Hamster,1,4,0.2
Mister,1,2,0.1
DOODLEMUNDO,1,2,0.1
Minute,1,2,0.1
Crafts,1,2,0.1
Tech,1,2,0.1
magic,1,2,0.1
FUNNY,1,2,0.1
VINES,1,2,0.1
ZK,1,2,0.1
fill,1,21,1.2
005cff,1,2,0.1
hashtag,1,24,1.3
landing,1,24,1.3
page,1,24,1.3
empty_cls,1,5,0.3
none,1,4,0.2
clip,1,4,0.2
path,1,4,0.2
url,1,4,0.2
empty,1,6,0.3
dark,1,12,0.7
mode_cls,1,10,0.6
mode_a,1,2,0.1
error_cls,1,5,0.3